parameter,point_estimate,ci_low,ci_high,crosses_null(0)
mean(x),0.49340589629728554,0.4633792983242591,0.5234324942703119,False
mean(x) bootstrap,0.49340589629728554,0.4649328046744574,0.5205755425709516,False
slope b,-0.9933786793318656,-1.004701931858085,-0.9820554268056463,False
slope b bootstrap,-0.9933786793318656,-1.0042217653173835,-0.9827133315039325,False
jump rate,0.10040066777963272,0.09704811567972746,0.1038557138706083,False
