{
  "HYDROGEL_PACK": {
    "product": "HYDROGEL_PACK",
    "default_entry": 20.0,
    "default_active": 26.0,
    "active_over_entry_ratio": 1.3,
    "thresholds": [
      5,
      8,
      12,
      15,
      18,
      20,
      22,
      25,
      30,
      40,
      60
    ],
    "pnls": [
      28727.0,
      51192.0,
      77874.0,
      90814.0,
      104704.0,
      110441.0,
      107797.0,
      99612.0,
      96090.0,
      107002.0,
      55471.0
    ],
    "sharpes": [
      0.40936541099835516,
      0.7425191677688279,
      1.1724765666001968,
      1.4029428006142293,
      1.6620987367647257,
      1.786838579987652,
      1.8044083879623838,
      1.7314488963146955,
      1.7480312230839896,
      2.2403957466657367,
      2.73548832271212
    ],
    "best_pnl": {
      "entry": 20,
      "active": 26.0,
      "final_pnl": 110441.0,
      "sharpe": 1.786838579987652
    },
    "best_sharpe": {
      "entry": 60,
      "active": 78.0,
      "final_pnl": 55471.0,
      "sharpe": 2.73548832271212
    }
  },
  "VEV_4000": {
    "product": "VEV_4000",
    "default_entry": 18.0,
    "default_active": 34.0,
    "active_over_entry_ratio": 1.8888888888888888,
    "thresholds": [
      3,
      6,
      10,
      14,
      18,
      22,
      25,
      30,
      40,
      60
    ],
    "pnls": [
      -77546.0,
      -16045.0,
      20812.0,
      25874.0,
      33105.0,
      23683.0,
      13337.0,
      8831.0,
      6938.0,
      5684.0
    ],
    "sharpes": [
      -1.1429811199477953,
      -0.25267042354130387,
      0.39705197601014036,
      0.716148402455062,
      1.2800752833360727,
      1.3237325085903278,
      1.5024889043284184,
      2.788570358692758,
      4.36419085190122,
      5.164783966920393
    ],
    "best_pnl": {
      "entry": 18,
      "active": 34.0,
      "final_pnl": 33105.0,
      "sharpe": 1.2800752833360727
    },
    "best_sharpe": {
      "entry": 60,
      "active": 113.33333333333333,
      "final_pnl": 5684.0,
      "sharpe": 5.164783966920393
    }
  },
  "VELVETFRUIT_EXTRACT": {
    "product": "VELVETFRUIT_EXTRACT",
    "default_entry": 7.0,
    "default_active": 20.0,
    "active_over_entry_ratio": 2.857142857142857,
    "thresholds": [
      1,
      2,
      4,
      6,
      7,
      8,
      10,
      12,
      15,
      20,
      30
    ],
    "pnls": [
      35622.0,
      44869.0,
      54937.0,
      68102.0,
      72541.0,
      72986.0,
      73093.0,
      71046.0,
      71565.0,
      66505.0,
      42417.0
    ],
    "sharpes": [
      0.9428730404891278,
      1.2099359015851565,
      1.5647748308192857,
      2.0153938030389837,
      2.1919456903811163,
      2.24312229990012,
      2.31831504213335,
      2.3098238533323716,
      2.4408233728856787,
      2.5685128259771335,
      2.7006523542405327
    ],
    "best_pnl": {
      "entry": 10,
      "active": 28.571428571428573,
      "final_pnl": 73093.0,
      "sharpe": 2.31831504213335
    },
    "best_sharpe": {
      "entry": 30,
      "active": 85.71428571428571,
      "final_pnl": 42417.0,
      "sharpe": 2.7006523542405327
    }
  },
  "VEV_4500": {
    "product": "VEV_4500",
    "default_entry": 1.0,
    "default_active": 4.0,
    "active_over_entry_ratio": 4.0,
    "thresholds": [
      0.25,
      0.5,
      0.75,
      1,
      1.5,
      2,
      3,
      5,
      8,
      12,
      18
    ],
    "pnls": [
      14523.0,
      14472.0,
      14496.0,
      14518.0,
      14518.0,
      14317.0,
      14557.0,
      14418.0,
      14150.0,
      13405.0,
      10221.0
    ],
    "sharpes": [
      0.8265508801684854,
      0.820505791415433,
      0.827269111718717,
      0.852777823743195,
      0.852777823743195,
      0.8401522744748459,
      0.896536899837647,
      0.8857920037731807,
      0.9206160255167657,
      0.9558154525570144,
      1.275116852379282
    ],
    "best_pnl": {
      "entry": 3,
      "active": 12.0,
      "final_pnl": 14557.0,
      "sharpe": 0.896536899837647
    },
    "best_sharpe": {
      "entry": 18,
      "active": 72.0,
      "final_pnl": 10221.0,
      "sharpe": 1.275116852379282
    }
  }
}