{
  "product": "VEV_5100",
  "default_threshold": 12.0,
  "best_pnl_peak": {
    "halflife": 25000,
    "threshold_scale": 1.5,
    "threshold_value": 18.0,
    "final_pnl": 95070.5,
    "sharpe": 2.7067343997329893
  },
  "best_pnl_plateau": {
    "halflife": 10000,
    "threshold_scale": 0.5,
    "threshold_value": 6.0,
    "plateau_pnl": 76828.0,
    "raw_pnl": 78492.0,
    "sharpe": 1.9109550484474422
  },
  "best_sharpe_peak": {
    "halflife": 25000,
    "threshold_scale": 2.0,
    "threshold_value": 24.0,
    "final_pnl": 91903.0,
    "sharpe": 3.2757522994567685
  },
  "best_sharpe_plateau": {
    "halflife": 25000,
    "threshold_scale": 2.0,
    "threshold_value": 24.0,
    "plateau_sharpe": 2.498407430100484,
    "raw_sharpe": 3.2757522994567685,
    "final_pnl": 91903.0
  }
}