{
  "VEV_5000": {
    "product": "VEV_5000",
    "default_threshold": 18.0,
    "thresholds": [
      1,
      3,
      6,
      9,
      12,
      15,
      18,
      21,
      25,
      30,
      40,
      50
    ],
    "pnls": [
      -38712.0,
      -4130.0,
      31004.0,
      53598.0,
      68242.0,
      76586.0,
      83991.0,
      83477.0,
      67129.0,
      55269.0,
      38784.0,
      0.0
    ],
    "sharpes": [
      -0.7716375919812818,
      -0.08325676822422871,
      0.6425746557559063,
      1.1565503098791292,
      1.5383349104448094,
      1.8093390624536856,
      2.0564530927454228,
      2.1597755804835206,
      2.132363325092807,
      2.077876748657486,
      2.7150885862726795,
      0.0
    ],
    "best_pnl": {
      "threshold": 18,
      "final_pnl": 83991.0,
      "sharpe": 2.0564530927454228
    },
    "best_sharpe": {
      "threshold": 40,
      "final_pnl": 38784.0,
      "sharpe": 2.7150885862726795
    }
  },
  "VEV_5100": {
    "product": "VEV_5100",
    "default_threshold": 12.0,
    "thresholds": [
      1,
      2,
      4,
      6,
      8,
      10,
      12,
      15,
      18,
      22,
      30,
      40
    ],
    "pnls": [
      67144.0,
      68621.0,
      74490.0,
      79294.0,
      78121.0,
      81445.5,
      90232.0,
      98228.0,
      85004.0,
      74287.0,
      62776.0,
      12005.0
    ],
    "sharpes": [
      1.5779927035461219,
      1.6176708222771967,
      1.7740970236914357,
      1.938390371762241,
      1.9697304925759629,
      2.1082041813925914,
      2.370799167322107,
      2.687153523272464,
      2.5365143797209004,
      2.625263334137439,
      3.4664580500324766,
      1.2747869503855704
    ],
    "best_pnl": {
      "threshold": 15,
      "final_pnl": 98228.0,
      "sharpe": 2.687153523272464
    },
    "best_sharpe": {
      "threshold": 30,
      "final_pnl": 62776.0,
      "sharpe": 3.4664580500324766
    }
  },
  "VEV_5200": {
    "product": "VEV_5200",
    "default_threshold": 6.0,
    "thresholds": [
      0.5,
      1,
      2,
      3,
      4,
      5,
      6,
      8,
      10,
      12,
      16,
      22
    ],
    "pnls": [
      59128.0,
      59246.0,
      60183.0,
      63070.0,
      63871.0,
      64899.0,
      67383.0,
      69612.0,
      70675.0,
      68871.0,
      49988.0,
      39297.0
    ],
    "sharpes": [
      1.8577279213570626,
      1.8610128220569977,
      1.9024078063063212,
      2.011082043694679,
      2.0545676901225387,
      2.1128460438040633,
      2.2313228300515173,
      2.396176860927939,
      2.5787258589518083,
      2.599086920073574,
      2.3580417519545094,
      2.6927088959977206
    ],
    "best_pnl": {
      "threshold": 10,
      "final_pnl": 70675.0,
      "sharpe": 2.5787258589518083
    },
    "best_sharpe": {
      "threshold": 22,
      "final_pnl": 39297.0,
      "sharpe": 2.6927088959977206
    }
  },
  "VEV_5300": {
    "product": "VEV_5300",
    "default_threshold": 5.5,
    "thresholds": [
      0.5,
      1,
      2,
      3,
      4,
      5,
      6,
      8,
      10,
      12,
      16,
      22
    ],
    "pnls": [
      10546.0,
      15377.0,
      21618.0,
      27501.0,
      31722.0,
      31659.0,
      33383.0,
      38241.0,
      27562.0,
      20492.0,
      12372.0,
      0.0
    ],
    "sharpes": [
      0.44506471824881894,
      0.6539112852121037,
      0.9401960367701745,
      1.2458720072319323,
      1.4940056988006958,
      1.5434388315500114,
      1.72002389359923,
      2.1861401533094047,
      1.82719597662746,
      1.5730772149241823,
      1.7235413704786657,
      0.0
    ],
    "best_pnl": {
      "threshold": 8,
      "final_pnl": 38241.0,
      "sharpe": 2.1861401533094047
    },
    "best_sharpe": {
      "threshold": 8,
      "final_pnl": 38241.0,
      "sharpe": 2.1861401533094047
    }
  },
  "VEV_5400": {
    "product": "VEV_5400",
    "default_threshold": 4.0,
    "thresholds": [
      0.25,
      0.5,
      1,
      1.5,
      2,
      3,
      4,
      5,
      6,
      8,
      12,
      16
    ],
    "pnls": [
      5539.0,
      6309.0,
      10743.0,
      13487.0,
      15316.0,
      17388.0,
      14998.0,
      11913.0,
      12158.0,
      0.0,
      0.0,
      0.0
    ],
    "sharpes": [
      0.4402953689964129,
      0.5034543938045706,
      0.8862951815781195,
      1.15792623232515,
      1.3536765770989916,
      1.715540034623581,
      1.7035307496930332,
      1.6482097398581148,
      2.168979538453959,
      0.0,
      0.0,
      0.0
    ],
    "best_pnl": {
      "threshold": 3,
      "final_pnl": 17388.0,
      "sharpe": 1.715540034623581
    },
    "best_sharpe": {
      "threshold": 6,
      "final_pnl": 12158.0,
      "sharpe": 2.168979538453959
    }
  },
  "VEV_5500": {
    "product": "VEV_5500",
    "default_threshold": 4.0,
    "thresholds": [
      0.25,
      0.5,
      1,
      1.5,
      2,
      3,
      4,
      5,
      6,
      8,
      12,
      16
    ],
    "pnls": [
      1036.0,
      2798.0,
      4412.0,
      5085.0,
      4478.0,
      3538.0,
      0.0,
      0.0,
      0.0,
      0.0,
      0.0,
      0.0
    ],
    "sharpes": [
      0.13412306691372908,
      0.36781988478170285,
      0.6203575897080529,
      0.8637650772214648,
      0.7954129492031375,
      1.0267537571116419,
      0.0,
      0.0,
      0.0,
      0.0,
      0.0,
      0.0
    ],
    "best_pnl": {
      "threshold": 1.5,
      "final_pnl": 5085.0,
      "sharpe": 0.8637650772214648
    },
    "best_sharpe": {
      "threshold": 3,
      "final_pnl": 3538.0,
      "sharpe": 1.0267537571116419
    }
  }
}