{
  "HYDROGEL_PACK": {
    "product": "HYDROGEL_PACK",
    "default_acd": 8.0,
    "thresholds": [
      6,
      6.5,
      7,
      7.5,
      8,
      8.5,
      9,
      9.5,
      10
    ],
    "pnls": [
      77404.0,
      77404.0,
      77404.0,
      77404.0,
      110441.0,
      111659.0,
      109856.0,
      109856.0,
      109856.0
    ],
    "sharpes": [
      1.8209095368261494,
      1.8209095368261494,
      1.8209095368261494,
      1.8209095368261494,
      1.786838579987652,
      1.8021097350501336,
      1.7584417874792315,
      1.7584417874792315,
      1.7584417874792315
    ],
    "best_pnl": {
      "acd": 8.5,
      "final_pnl": 111659.0,
      "sharpe": 1.8021097350501336
    },
    "best_sharpe": {
      "acd": 6,
      "final_pnl": 77404.0,
      "sharpe": 1.8209095368261494
    }
  },
  "VEV_4000": {
    "product": "VEV_4000",
    "default_acd": 12.0,
    "thresholds": [
      8.5,
      9,
      9.5,
      10,
      10.5,
      11,
      11.5,
      12,
      12.5
    ],
    "pnls": [
      16384.0,
      16384.0,
      16384.0,
      23870.0,
      33105.0,
      43958.0,
      42474.0,
      42397.0,
      42397.0
    ],
    "sharpes": [
      1.460212480778262,
      1.460212480778262,
      1.460212480778262,
      0.44784377506103396,
      1.2800752833360727,
      1.339925705150158,
      1.2783874493685152,
      1.2748813314400727,
      1.2748813314400727
    ],
    "best_pnl": {
      "acd": 11,
      "final_pnl": 43958.0,
      "sharpe": 1.339925705150158
    },
    "best_sharpe": {
      "acd": 8.5,
      "final_pnl": 16384.0,
      "sharpe": 1.460212480778262
    }
  },
  "VELVETFRUIT_EXTRACT": {
    "product": "VELVETFRUIT_EXTRACT",
    "default_acd": 2.5,
    "thresholds": [
      1.5,
      2,
      2.5,
      3,
      3.5,
      4,
      4.5,
      5
    ],
    "pnls": [
      56101.0,
      56101.0,
      75421.0,
      72541.0,
      59807.0,
      58304.0,
      58304.0,
      58304.0
    ],
    "sharpes": [
      1.8952374489038224,
      1.8952374489038224,
      2.313590093738293,
      2.1919456903811163,
      1.77390666505665,
      1.7299363063013473,
      1.7299363063013473,
      1.7299363063013473
    ],
    "best_pnl": {
      "acd": 2.5,
      "final_pnl": 75421.0,
      "sharpe": 2.313590093738293
    },
    "best_sharpe": {
      "acd": 2.5,
      "final_pnl": 75421.0,
      "sharpe": 2.313590093738293
    }
  },
  "VEV_4500": {
    "product": "VEV_4500",
    "default_acd": 5.0,
    "thresholds": [
      3,
      3.5,
      4,
      4.5,
      5,
      5.5,
      6,
      6.5,
      7
    ],
    "pnls": [
      14518.0,
      14518.0,
      14518.0,
      14518.0,
      14518.0,
      14518.0,
      14518.0,
      14518.0,
      14518.0
    ],
    "sharpes": [
      0.852777823743195,
      0.852777823743195,
      0.852777823743195,
      0.852777823743195,
      0.852777823743195,
      0.852777823743195,
      0.852777823743195,
      0.852777823743195,
      0.852777823743195
    ],
    "best_pnl": {
      "acd": 3,
      "final_pnl": 14518.0,
      "sharpe": 0.852777823743195
    },
    "best_sharpe": {
      "acd": 3,
      "final_pnl": 14518.0,
      "sharpe": 0.852777823743195
    }
  },
  "VEV_5000": {
    "product": "VEV_5000",
    "default_acd": 4.0,
    "thresholds": [
      2,
      2.5,
      3,
      3.5,
      4,
      4.5,
      5,
      5.5,
      6
    ],
    "pnls": [
      9966.0,
      21288.0,
      39820.0,
      92638.0,
      83991.0,
      82563.0,
      82563.0,
      82563.0,
      82563.0
    ],
    "sharpes": [
      1.4393258196292584,
      0.5764005652586324,
      1.2323748138740362,
      2.2876309724889343,
      2.0564530927454228,
      2.0015593834441425,
      2.0015593834441425,
      2.0015593834441425,
      2.0015593834441425
    ],
    "best_pnl": {
      "acd": 3.5,
      "final_pnl": 92638.0,
      "sharpe": 2.2876309724889343
    },
    "best_sharpe": {
      "acd": 3.5,
      "final_pnl": 92638.0,
      "sharpe": 2.2876309724889343
    }
  },
  "VEV_5100": {
    "product": "VEV_5100",
    "default_acd": 2.5,
    "thresholds": [
      1,
      1.5,
      2,
      2.5,
      3,
      3.5,
      4,
      4.5
    ],
    "pnls": [
      7275.5,
      14370.5,
      48608.0,
      90232.0,
      63779.0,
      63498.0,
      63498.0,
      63498.0
    ],
    "sharpes": [
      0.6477701591521025,
      0.7190278887526248,
      1.7026250846683988,
      2.370799167322107,
      1.671866874929854,
      1.6625210111766187,
      1.6625210111766187,
      1.6625210111766187
    ],
    "best_pnl": {
      "acd": 2.5,
      "final_pnl": 90232.0,
      "sharpe": 2.370799167322107
    },
    "best_sharpe": {
      "acd": 2.5,
      "final_pnl": 90232.0,
      "sharpe": 2.370799167322107
    }
  },
  "VEV_5200": {
    "product": "VEV_5200",
    "default_acd": 1.5,
    "thresholds": [
      0.5,
      1,
      1.5,
      2,
      2.5,
      3,
      3.5
    ],
    "pnls": [
      1188.0,
      9028.0,
      67383.0,
      47766.0,
      43192.0,
      43192.0,
      43192.0
    ],
    "sharpes": [
      0.08984789734888216,
      0.31509411928708275,
      2.2313228300515173,
      1.5081068211744335,
      1.358407462300016,
      1.3584726855194327,
      1.3584726855194327
    ],
    "best_pnl": {
      "acd": 1.5,
      "final_pnl": 67383.0,
      "sharpe": 2.2313228300515173
    },
    "best_sharpe": {
      "acd": 1.5,
      "final_pnl": 67383.0,
      "sharpe": 2.2313228300515173
    }
  },
  "VEV_5300": {
    "product": "VEV_5300",
    "default_acd": 1.5,
    "thresholds": [
      0.5,
      1,
      1.5,
      2,
      2.5,
      3,
      3.5
    ],
    "pnls": [
      -242.0,
      37314.0,
      30947.0,
      27296.0,
      27266.0,
      27266.0,
      27266.0
    ],
    "sharpes": [
      -0.012582472746167755,
      2.0398035116084947,
      1.5534107934315193,
      1.3673669802750559,
      1.365854879533661,
      1.365854879533661,
      1.365854879533661
    ],
    "best_pnl": {
      "acd": 1,
      "final_pnl": 37314.0,
      "sharpe": 2.0398035116084947
    },
    "best_sharpe": {
      "acd": 1,
      "final_pnl": 37314.0,
      "sharpe": 2.0398035116084947
    }
  },
  "VEV_5400": {
    "product": "VEV_5400",
    "default_acd": 0.75,
    "thresholds": [
      0.25,
      0.5,
      0.75,
      1,
      1.5,
      2,
      2.5,
      3
    ],
    "pnls": [
      6092.5,
      6092.5,
      14998.0,
      14998.0,
      12211.0,
      12211.0,
      12211.0,
      12211.0
    ],
    "sharpes": [
      0.9857172522756702,
      0.9857172522756702,
      1.7035307496930332,
      1.7035307496930332,
      1.3689964457905748,
      1.3689964457905748,
      1.3689964457905748,
      1.3689964457905748
    ],
    "best_pnl": {
      "acd": 0.75,
      "final_pnl": 14998.0,
      "sharpe": 1.7035307496930332
    },
    "best_sharpe": {
      "acd": 0.75,
      "final_pnl": 14998.0,
      "sharpe": 1.7035307496930332
    }
  },
  "VEV_5500": {
    "product": "VEV_5500",
    "default_acd": 0.75,
    "thresholds": [
      0.25,
      0.5,
      0.75,
      1,
      1.5,
      2,
      2.5,
      3
    ],
    "pnls": [
      0.0,
      0.0,
      0.0,
      0.0,
      0.0,
      0.0,
      0.0,
      0.0
    ],
    "sharpes": [
      0.0,
      0.0,
      0.0,
      0.0,
      0.0,
      0.0,
      0.0,
      0.0
    ],
    "best_pnl": {
      "acd": 0.25,
      "final_pnl": 0.0,
      "sharpe": 0.0
    },
    "best_sharpe": {
      "acd": 0.25,
      "final_pnl": 0.0,
      "sharpe": 0.0
    }
  }
}