{
  "product": "HYDROGEL_PACK",
  "default_threshold": 20.0,
  "best_pnl_peak": {
    "halflife": 25000,
    "threshold_scale": 1.0,
    "threshold_value": 20.0,
    "final_pnl": 127001.0,
    "sharpe": 2.014027331502349
  },
  "best_pnl_plateau": {
    "halflife": 25000,
    "threshold_scale": 1.5,
    "threshold_value": 30.0,
    "plateau_pnl": 107282.0,
    "raw_pnl": 107502.0,
    "sharpe": 1.941299972332487
  },
  "best_sharpe_peak": {
    "halflife": 25000,
    "threshold_scale": 2.0,
    "threshold_value": 40.0,
    "final_pnl": 113286.0,
    "sharpe": 2.3708071981955636
  },
  "best_sharpe_plateau": {
    "halflife": 25000,
    "threshold_scale": 2.0,
    "threshold_value": 40.0,
    "plateau_sharpe": 1.941299972332487,
    "raw_sharpe": 2.3708071981955636,
    "final_pnl": 113286.0
  }
}